vendor,model,file,match,source_url,licence
BitBox,BitBox02,hw-bitbox02,similar (picture shows the Nova),https://github.com/schnuartz-ai/Inheriting-Bitcoin-PDF-Gen/tree/master/assets/products/hw-bitbox02.webp,"ClavaStack Bitcoin Inheritance Plan (CPAL-1.0): attribution ""ClavaStack"" with a link to https://clavastack.com must be visible where shown; product pictures remain the property of the vendors"
BitBox,BitBox02 Nova,hw-bitbox02,exact,https://github.com/schnuartz-ai/Inheriting-Bitcoin-PDF-Gen/tree/master/assets/products/hw-bitbox02.webp,"ClavaStack Bitcoin Inheritance Plan (CPAL-1.0): attribution ""ClavaStack"" with a link to https://clavastack.com must be visible where shown; product pictures remain the property of the vendors"
Blockstream,Jade,hw-jade,exact,https://github.com/schnuartz-ai/Inheriting-Bitcoin-PDF-Gen/tree/master/assets/products/hw-jade.webp,"ClavaStack Bitcoin Inheritance Plan (CPAL-1.0): attribution ""ClavaStack"" with a link to https://clavastack.com must be visible where shown; product pictures remain the property of the vendors"
Blockstream,Jade Core,hw-jade,similar,https://github.com/schnuartz-ai/Inheriting-Bitcoin-PDF-Gen/tree/master/assets/products/hw-jade.webp,"ClavaStack Bitcoin Inheritance Plan (CPAL-1.0): attribution ""ClavaStack"" with a link to https://clavastack.com must be visible where shown; product pictures remain the property of the vendors"
Blockstream,Jade Plus (Metal),hw-jade-plus,exact,https://github.com/schnuartz-ai/Inheriting-Bitcoin-PDF-Gen/tree/master/assets/products/hw-jade-plus.webp,"ClavaStack Bitcoin Inheritance Plan (CPAL-1.0): attribution ""ClavaStack"" with a link to https://clavastack.com must be visible where shown; product pictures remain the property of the vendors"
Blockstream,Jade Plus (Plastic),hw-jade-plus,exact,https://github.com/schnuartz-ai/Inheriting-Bitcoin-PDF-Gen/tree/master/assets/products/hw-jade-plus.webp,"ClavaStack Bitcoin Inheritance Plan (CPAL-1.0): attribution ""ClavaStack"" with a link to https://clavastack.com must be visible where shown; product pictures remain the property of the vendors"
Coinkite,Coldcard Mk4,hw-coldcard-mk4,exact,https://github.com/schnuartz-ai/Inheriting-Bitcoin-PDF-Gen/tree/master/assets/products/hw-coldcard-mk4.webp,"ClavaStack Bitcoin Inheritance Plan (CPAL-1.0): attribution ""ClavaStack"" with a link to https://clavastack.com must be visible where shown; product pictures remain the property of the vendors"
Coinkite,Coldcard Mk5,hw-coldcard-mk5,exact,https://github.com/schnuartz-ai/Inheriting-Bitcoin-PDF-Gen/tree/master/assets/products/hw-coldcard-mk5.webp,"ClavaStack Bitcoin Inheritance Plan (CPAL-1.0): attribution ""ClavaStack"" with a link to https://clavastack.com must be visible where shown; product pictures remain the property of the vendors"
Coinkite,Coldcard Q,hw-coldcard-q,exact,https://github.com/schnuartz-ai/Inheriting-Bitcoin-PDF-Gen/tree/master/assets/products/hw-coldcard-q.webp,"ClavaStack Bitcoin Inheritance Plan (CPAL-1.0): attribution ""ClavaStack"" with a link to https://clavastack.com must be visible where shown; product pictures remain the property of the vendors"
Foundation Devices,Passport Core,hw-passport-core,exact,https://github.com/schnuartz-ai/Inheriting-Bitcoin-PDF-Gen/tree/master/assets/products/hw-passport-core.webp,"ClavaStack Bitcoin Inheritance Plan (CPAL-1.0): attribution ""ClavaStack"" with a link to https://clavastack.com must be visible where shown; product pictures remain the property of the vendors"
Foundation Devices,Passport Prime,hw-passport-prime,exact,https://github.com/schnuartz-ai/Inheriting-Bitcoin-PDF-Gen/tree/master/assets/products/hw-passport-prime.webp,"ClavaStack Bitcoin Inheritance Plan (CPAL-1.0): attribution ""ClavaStack"" with a link to https://clavastack.com must be visible where shown; product pictures remain the property of the vendors"
Keystone,Keystone 3 Pro,hw-keystone-3-pro,exact,https://github.com/schnuartz-ai/Inheriting-Bitcoin-PDF-Gen/tree/master/assets/products/hw-keystone-3-pro.webp,"ClavaStack Bitcoin Inheritance Plan (CPAL-1.0): attribution ""ClavaStack"" with a link to https://clavastack.com must be visible where shown; product pictures remain the property of the vendors"
Ledger,Flex,hw-ledger-flex,exact,https://github.com/schnuartz-ai/Inheriting-Bitcoin-PDF-Gen/tree/master/assets/products/hw-ledger-flex.webp,"ClavaStack Bitcoin Inheritance Plan (CPAL-1.0): attribution ""ClavaStack"" with a link to https://clavastack.com must be visible where shown; product pictures remain the property of the vendors"
Ledger,Nano Gen5,hw-ledger-nano-s-plus,similar,https://github.com/schnuartz-ai/Inheriting-Bitcoin-PDF-Gen/tree/master/assets/products/hw-ledger-nano-s-plus.webp,"ClavaStack Bitcoin Inheritance Plan (CPAL-1.0): attribution ""ClavaStack"" with a link to https://clavastack.com must be visible where shown; product pictures remain the property of the vendors"
Ledger,Nano S Plus,hw-ledger-nano-s-plus,exact,https://github.com/schnuartz-ai/Inheriting-Bitcoin-PDF-Gen/tree/master/assets/products/hw-ledger-nano-s-plus.webp,"ClavaStack Bitcoin Inheritance Plan (CPAL-1.0): attribution ""ClavaStack"" with a link to https://clavastack.com must be visible where shown; product pictures remain the property of the vendors"
Ledger,Nano X,hw-ledger-nano-s-plus,similar,https://github.com/schnuartz-ai/Inheriting-Bitcoin-PDF-Gen/tree/master/assets/products/hw-ledger-nano-s-plus.webp,"ClavaStack Bitcoin Inheritance Plan (CPAL-1.0): attribution ""ClavaStack"" with a link to https://clavastack.com must be visible where shown; product pictures remain the property of the vendors"
Ledger,Stax,hw-ledger-stax,exact,https://github.com/schnuartz-ai/Inheriting-Bitcoin-PDF-Gen/tree/master/assets/products/hw-ledger-stax.webp,"ClavaStack Bitcoin Inheritance Plan (CPAL-1.0): attribution ""ClavaStack"" with a link to https://clavastack.com must be visible where shown; product pictures remain the property of the vendors"
SeedSigner,SeedSigner,hw-seedsigner,exact,https://github.com/schnuartz-ai/Inheriting-Bitcoin-PDF-Gen/tree/master/assets/products/hw-seedsigner.webp,"ClavaStack Bitcoin Inheritance Plan (CPAL-1.0): attribution ""ClavaStack"" with a link to https://clavastack.com must be visible where shown; product pictures remain the property of the vendors"
Specter Solutions,Specter DIY,specter-diy,exact,https://github.com/schnuartz-ai/Inheriting-Bitcoin-PDF-Gen/tree/master/assets/products/specter-diy.png,"ClavaStack Bitcoin Inheritance Plan (CPAL-1.0): attribution ""ClavaStack"" with a link to https://clavastack.com must be visible where shown; product pictures remain the property of the vendors"
Specter Solutions,Specter Shield,specter-shield-metal,exact,https://github.com/schnuartz-ai/Inheriting-Bitcoin-PDF-Gen/tree/master/assets/products/specter-shield-metal.png,"ClavaStack Bitcoin Inheritance Plan (CPAL-1.0): attribution ""ClavaStack"" with a link to https://clavastack.com must be visible where shown; product pictures remain the property of the vendors"
Specter Solutions,Specter Shield Lite,specter-shield-lite,exact,https://github.com/schnuartz-ai/Inheriting-Bitcoin-PDF-Gen/tree/master/assets/products/specter-shield-lite.png,"ClavaStack Bitcoin Inheritance Plan (CPAL-1.0): attribution ""ClavaStack"" with a link to https://clavastack.com must be visible where shown; product pictures remain the property of the vendors"
Trezor,Model One,hw-trezor-safe-3,similar,https://github.com/schnuartz-ai/Inheriting-Bitcoin-PDF-Gen/tree/master/assets/products/hw-trezor-safe-3.webp,"ClavaStack Bitcoin Inheritance Plan (CPAL-1.0): attribution ""ClavaStack"" with a link to https://clavastack.com must be visible where shown; product pictures remain the property of the vendors"
Trezor,Model T,hw-trezor-safe-3,similar,https://github.com/schnuartz-ai/Inheriting-Bitcoin-PDF-Gen/tree/master/assets/products/hw-trezor-safe-3.webp,"ClavaStack Bitcoin Inheritance Plan (CPAL-1.0): attribution ""ClavaStack"" with a link to https://clavastack.com must be visible where shown; product pictures remain the property of the vendors"
Trezor,Safe 3,hw-trezor-safe-3,exact,https://github.com/schnuartz-ai/Inheriting-Bitcoin-PDF-Gen/tree/master/assets/products/hw-trezor-safe-3.webp,"ClavaStack Bitcoin Inheritance Plan (CPAL-1.0): attribution ""ClavaStack"" with a link to https://clavastack.com must be visible where shown; product pictures remain the property of the vendors"
Trezor,Safe 5,hw-trezor-safe-5,exact,https://github.com/schnuartz-ai/Inheriting-Bitcoin-PDF-Gen/tree/master/assets/products/hw-trezor-safe-5.webp,"ClavaStack Bitcoin Inheritance Plan (CPAL-1.0): attribution ""ClavaStack"" with a link to https://clavastack.com must be visible where shown; product pictures remain the property of the vendors"
Trezor,Safe 7,hw-trezor-safe-5,similar,https://github.com/schnuartz-ai/Inheriting-Bitcoin-PDF-Gen/tree/master/assets/products/hw-trezor-safe-5.webp,"ClavaStack Bitcoin Inheritance Plan (CPAL-1.0): attribution ""ClavaStack"" with a link to https://clavastack.com must be visible where shown; product pictures remain the property of the vendors"
