vendor,model,source_url,retrieved,vendor_headquarters,material,weight,dimensions,tools_included,tools_required,method,encodings,formats,max_chars_hex,max_chars_ascii,waterproof,fireproof,crushproof,corrosionproof,shockproof,stress_tests,pin_protection,encrypted,tamper_evident_seal,multiple_keys,shamir
BitBar,BitBar,https://thebitcoinhole.com/seed-backup/bitbar,2026-10-05,Switzerland,Stainless Steel,515 g,100 × 33 × 33 mm,yes,,,,bip39_12;bip39_24;ascii,,,yes,yes,yes,,yes,yes,no,no,yes,no,
BitBox,Steelwallet,https://thebitcoinhole.com/seed-backup/bitbox-steelwallet,2026-10-05,Switzerland,Stainless Steel,450 g,100 × 120 mm,yes,,,,bip39_12;bip39_24,,,yes,yes,yes,yes,yes,yes,no,no,no,no,
Bitplates,Domino One,https://thebitcoinhole.com/seed-backup/domino-one,2026-10-05,England,Stainless Steel,350 g,150 × 100 × 3 mm,no,Center Punch tool required,,,bip39_12;bip39_24;ascii,,,yes,yes,yes,yes,yes,,no,no,no,no,
Bitplates,Domino One 2,https://thebitcoinhole.com/seed-backup/domino-one-2,2026-10-05,England,Stainless Steel,175 g,100 × 75 × 3 mm,no,Center Punch tool required,,,bip39_12;ascii,,,yes,yes,yes,yes,yes,,no,no,no,no,
Black Seed Ink,Black Seed Ink,https://thebitcoinhole.com/seed-backup/black-seed-ink,2026-10-05,USA,Stainless Steel,,89 × 54 × 0.8 mm,yes,,,,bip39_12;bip39_24;hex;ascii,,,yes,yes,yes,yes,yes,yes,no,no,no,no,
Blockstream,Blockstream Capsule,https://thebitcoinhole.com/seed-backup/blockstream-capsule,2026-10-05,Canada,Stainless Steel,512 g,253 × 181 × 25 mm,yes,,,,bip39_12;bip39_24;hex;ascii,123,55,yes,yes,yes,yes,yes,yes,no,no,no,no,
Blockstream,Blockstream Metal,https://thebitcoinhole.com/seed-backup/blockstream-metal,2026-10-05,Canada,Stainless Steel,480 g,253 × 182 × 27 mm,yes,,,,bip39_12;bip39_24;ascii,,96,yes,yes,no,no,yes,yes,no,no,Partially,no,
Codl Storage Solutions,Punchplate Mini III (12 Words),https://thebitcoinhole.com/seed-backup/punchplate-mini-3-12,2026-10-05,USA,Stainless Steel,,,yes,,,,bip39_12,,,yes,yes,yes,yes,yes,yes,no,no,no,no,
Codl Storage Solutions,Punchplate Mini III (24 Words),https://thebitcoinhole.com/seed-backup/punchplate-mini-3-24,2026-10-05,USA,Stainless Steel,,,yes,,,,bip39_12;bip39_24,,,yes,yes,yes,yes,yes,yes,no,no,no,no,
Codl Storage Solutions,Punchplate Standard,https://thebitcoinhole.com/seed-backup/punchplate-standard,2026-10-05,USA,Stainless Steel,,107 × 57 × 2.7 mm,yes,,,,bip39_12;bip39_24;ascii,,,yes,yes,yes,yes,yes,yes,no,no,no,no,
Cryptosteel,Cryptosteel Capsule,https://thebitcoinhole.com/seed-backup/cryptosteel-capsule,2026-10-05,United Kingdom,Stainless Steel,540 g,253 × 181 × 25 mm,yes,,,,bip39_12;bip39_24;hex;ascii,123,55,yes,yes,yes,yes,yes,yes,no,no,no,no,
Cryptosteel,Cryptosteel Cassette,https://thebitcoinhole.com/seed-backup/cryptosteel-cassette,2026-10-05,United Kingdom,Stainless Steel,480 g,253 × 182 × 27 mm,yes,,,,bip39_12;bip39_24;ascii,,96,yes,Partially,no,yes,yes,yes,no,no,Partially,no,
Cryptosteel,Seed12 Backup Core,https://thebitcoinhole.com/seed-backup/cryptosteel-seed12-backup-core,2026-10-05,United Kingdom,Stainless Steel,90 g,65 × 39 × 15 mm,yes,,,,bip39_12;hex;ascii,,64,yes,yes,yes,yes,yes,,no,no,no,no,
Cryptosteel,Seed12 Security Kit,https://thebitcoinhole.com/seed-backup/cryptosteel-seed12-security-kit,2026-10-05,United Kingdom,Stainless Steel,171 g,95 × 66 × 18 mm,yes,,,,bip39_12;hex;ascii,,64,yes,yes,yes,yes,yes,,no,no,yes,no,
Cryptosteel,Seed24,https://thebitcoinhole.com/seed-backup/cryptosteel-seed24,2026-10-05,United Kingdom,Stainless Steel,90 g,65 × 39 × 15 mm,yes,,,,bip39_12;bip39_24;hex;ascii,,128,yes,yes,yes,yes,yes,,no,no,yes,no,
Cryptotag,Cryptotag Odin,https://thebitcoinhole.com/seed-backup/cryptotag-odin,2026-10-05,Netherlands,Titanium,186 g,12 × 2.2 × 2.5 mm,yes,,,,slip39,,,yes,yes,yes,yes,yes,yes,no,no,no,no,yes (3 shares)
Cryptotag,Cryptotag Thor,https://thebitcoinhole.com/seed-backup/cryptotag-thor,2026-10-05,Netherlands,Titanium,210 g,11.3 × 6.8 × 0.6 mm,yes,,,,bip39_12;bip39_24;slip39;ascii,,,yes,yes,yes,yes,yes,yes,no,no,no,yes (2),2 shares
Cryptotag,Cryptotag Zeus,https://thebitcoinhole.com/seed-backup/cryptotag-zeus,2026-10-05,Netherlands,Titanium,210 g,11.3 × 6.8 × 0.6 mm,yes,,,,bip39_12;bip39_24,,,yes,yes,yes,yes,yes,yes,no,no,no,no,
Ellipal,Ellipal Seed Phrase Steel,https://thebitcoinhole.com/seed-backup/ellipal-seed-phrase-steel,2026-10-05,Hong Kong,Stainless Steel,127 g,70 × 57 × 6 mm,yes,,,,bip39_12;bip39_24;ascii,,96,yes,yes,,,yes,,no,no,Partially,no,
ImpressArt,Stamp Seed,https://thebitcoinhole.com/seed-backup/stampseed,2026-10-05,,Titanium,,76.2 × 76.2 mm,yes,,,,bip39_12;bip39_24;ascii,,,yes,yes,yes,yes,yes,yes,no,no,no,no,
Keystone,Keystone Tablet,https://thebitcoinhole.com/seed-backup/keystone-tablet,2026-10-05,Hong Kong,Stainless Steel,430 g,105 × 60 × 6.5 mm,yes,,,,bip39_12;bip39_24;ascii,,96,yes,yes,yes,yes,yes,,no,no,Partially,no,
Keystone,Keystone Tablet Plus,https://thebitcoinhole.com/seed-backup/keystone-tablet-plus,2026-10-05,Hong Kong,Stainless Steel,430 g,105 × 70 × 6 mm,yes,,,,bip39_12;bip39_24;ascii,,,yes,Partially,yes,yes,yes,yes,no,no,Partially,no,
Keystone,Keystone Tablet Punch,https://thebitcoinhole.com/seed-backup/keystone-tablet-punch,2026-10-05,Hong Kong,Stainless Steel,430 g,100 × 78 × 7.5 mm,yes,,,,bip39_12;bip39_24;ascii,,,yes,Partially,yes,yes,yes,yes,no,no,Partially,no,
MicroSeed,MicroSeed,https://thebitcoinhole.com/seed-backup/micro-seed,2026-10-05,USA,Titanium or Stainless steel,1 kg,62 × 62 × 62 mm,yes,,,,bip39_12;bip39_24;slip39;hex;ascii,,,yes,yes,Partially,yes,yes,,no,no,no,yes,yes
NGrave,Graphene,https://thebitcoinhole.com/seed-backup/graphene,2026-10-05,Belgium,Stainless Steel,,,yes,,,,bip39_12;bip39_24,,,yes,yes,yes,yes,yes,yes,no,yes,no,no,
OneKey,OneKey KeyTag,https://thebitcoinhole.com/seed-backup/onekey-keytag,2026-10-05,Hong Kong,Titanium Alloy,14 g,36 × 33.5 × 3 mm,yes,,,,bip39_12;bip39_24,,,yes,yes,,yes,yes,,no,no,no,no,
Plebstyle,Titan TerraSteel,https://thebitcoinhole.com/seed-backup/plebstyle-terrasteel-wallet,2026-10-05,Germany,Stainless Steel,250 g,65 × 27 × 27 mm,no,Starter Set required,,,bip39_12;bip39_24;hex,,,yes,yes,yes,yes,yes,yes,no,no,Sold separately,no,
Plebstyle,Titan Wallet,https://thebitcoinhole.com/seed-backup/plebstyle-titan-wallet,2026-10-05,Germany,Stainless Steel and Titanium,420 g,75 × 27 × 27 mm,no,Starter Set required,,,bip39_12;bip39_24;hex,,,yes,yes,yes,yes,yes,yes,no,no,Sold separately,no,
Privacy Pros,The Billfodl,https://thebitcoinhole.com/seed-backup/the-billfodl,2026-10-05,,Stainless Steel,480 g,253 × 182 × 27 mm,yes,,,,bip39_12;bip39_24;ascii,,96,yes,Partially,no,yes,yes,yes,no,no,Partially,no,
SafePal,Safepal Cypher,https://thebitcoinhole.com/seed-backup/safepal-cypher,2026-10-05,Singapore,Stainless Steel,190 g,91 × 58 × 6 mm,yes,,,,bip39_12;bip39_24;ascii,,96,yes,yes,,yes,yes,,no,no,yes,no,
SecuX,X-SEED,https://thebitcoinhole.com/seed-backup/secux-xseed,2026-10-05,Taiwan,Stainless Steel & Aluminum,,86 × 54 × 1.5 mm,no,,,,bip39_12;bip39_24;slip39;hex;ascii,,,yes,yes,,,yes,,no,no,no,yes (4),4 shares
SecuX,X-SEED Plus,https://thebitcoinhole.com/seed-backup/secux-xseed-plus,2026-10-05,Taiwan,Stainless Steel & Aluminum,,86 × 54 × 1.5 mm,yes,,,,bip39_12;bip39_24;slip39;hex;ascii,,,yes,yes,,,yes,,no,no,no,yes (4),4 shares
SecuX,X-SEED Pro,https://thebitcoinhole.com/seed-backup/secux-xseed-pro,2026-10-05,Taiwan,Stainless Steel,,104 × 60 × 60 mm,yes,,,,bip39_12;bip39_24;ascii,,96,yes,yes,,,yes,,no,no,yes,no,
SeedHammer,SeedHammer II,https://thebitcoinhole.com/seed-backup/seedhammer-2,2026-10-05,,Stainless Steel,4 kg,210 × 210 × 210 mm,yes,,,,bip39_12;bip39_24;descriptor,,,yes,yes,,yes,yes,,no,no,no,no,
Seedor,Seedor Safe,https://thebitcoinhole.com/seed-backup/seedor-safe,2026-10-05,Germany,Stainless Steel,230 g,67 × 25 mm,no,Starter Set required,,,bip39_12;bip39_24;hex;ascii,,,yes,yes,yes,yes,yes,yes,no,no,yes,no,
Trezor,Trezor Keep Metal (12 word),https://thebitcoinhole.com/seed-backup/trezor-keep-metal-12-word,2026-10-05,Czech Republic,Stainless Steel,344 g,110 × 30 mm,yes,,,,bip39_12,,,yes,yes,,yes,yes,,no,no,yes,no,
Trezor,Trezor Keep Metal (Shamir Backup),https://thebitcoinhole.com/seed-backup/trezor-keep-metal-shamir,2026-10-05,Czech Republic,Stainless Steel,344 g,110 × 30 mm,yes,,,,bip39_12;slip39,,,yes,yes,,yes,yes,,no,no,yes,no,yes
