vendor,model,source_url,retrieved,assembled_in,vendor_headquarters,diy,air_gapped,secure_element,supply_chain_protection,anti_exfil,secure_boot,bitcoin_only,upgrade_methods,open_source,reproducible_builds,pin,dynamic_keypad,brick_pin,brick_countdown,unlock_delay,anti_phishing_words,alphanumeric_pin,duress_wallet,stateless,user_entropy,multiple_keys,bip39_passphrase,bip85,slip39,seedxor,seedqr,sd_backup,seed_import_export,seed_storage,psbt_transport,qr_formats,multisig,descriptor_registration,miniscript,taproot_miniscript,change_verification,address_verification,battery,battery_removable,battery_size,power_input,display,input,coordinators
BitBox,BitBox02,https://thebitcoinhole.com/hardware-wallets/bitbox02-btconly,2026-10-05,,Switzerland,,no,yes,yes,yes,yes,yes,usb,yes,yes,On Device,no,no,yes,no,no,yes,no,Optional Stateless Use,yes,no,yes,yes,no,no,no,yes (Not encrypted),create12;create24;display;import12;import24,,usb,,yes,registers,yes,yes,yes,Via Companion App,no,,,USB-C,"OLED 1.38""",Buttons,Bitcoin Keeper;Bitcoin Safe;Blockstream Green;BlueWallet;Electrum;Liana;Nunchuk;Sparrow;Specter Desktop;Wasabi Wallet
BitBox,BitBox02 Nova,https://thebitcoinhole.com/hardware-wallets/bitbox02-nova-btconly,2026-10-05,,Switzerland,,no,yes (EAL6+),yes,yes,yes,yes,usb;bluetooth,yes,yes,On Device,no,no,yes,no,no,yes,no,Optional Stateless Use,yes,no,yes,yes,no,no,no,yes (Not encrypted),create12;create24;display;import12;import24,,usb;bluetooth,,yes,registers,yes,yes,yes,Via Companion App,no,,,USB-C,"OLED 1.38""",Buttons,Bitcoin Keeper;Bitcoin Safe;Blockstream Green;BlueWallet;Electrum;Liana;Nunchuk;Sparrow;Specter Desktop;Wasabi Wallet
Blockstream,Jade,https://thebitcoinhole.com/hardware-wallets/jade,2026-10-05,,Canada,,Only for transactions,no,yes,yes,yes,yes,usb;bluetooth,yes,yes,On Device,yes,yes,yes,no,no,no,no,Optional Stateless Use,yes,no,yes,yes,no,no,yes,no,create12;create24;display;import12;import24,,usb;bluetooth;qr,ur2,yes,registers,yes,no,yes,On Device,yes,no,240 mAh,USB-C,"IPS LCD 1.14""",Buttons,Bitcoin Keeper;Bitcoin Safe;Blockstream Green;BlueWallet;Bull;Cove;Electrum;Liana;Nunchuk;Sparrow;Specter Desktop
Blockstream,Jade Core,https://thebitcoinhole.com/hardware-wallets/jade-core,2026-10-05,,Canada,,no,no,yes,yes,yes,yes,usb;bluetooth,yes,yes,On Device,yes,yes,yes,no,no,no,no,Optional Stateless Use,yes,no,yes,yes,no,no,no,no,create12;create24;display;import12;import24,,usb;bluetooth,,yes,registers,yes,no,yes,no,no,no,,USB-C,"IPS LCD 1.9""",Buttons,Bitcoin Keeper;Bitcoin Safe;Blockstream Green;BlueWallet;Bull;Cove;Electrum;Liana;Nunchuk;Sparrow;Specter Desktop
Blockstream,Jade Plus (Metal),https://thebitcoinhole.com/hardware-wallets/jade-plus-metal,2026-10-05,,Canada,,yes,no,yes,yes,yes,yes,usb_storage;usb;bluetooth,yes,yes,On Device,yes,yes,yes,no,no,no,no,Optional Stateless Use,yes,no,yes,yes,no,no,yes,no,create12;create24;display;import12;import24,,usb;bluetooth;microsd;qr,ur2,yes,registers,yes,no,yes,On Device,yes,no,280 mAh,USB-C,"IPS LCD 1.9""",Buttons,Bitcoin Keeper;Bitcoin Safe;Blockstream Green;BlueWallet;Bull;Cove;Electrum;Liana;Nunchuk;Sparrow;Specter Desktop
Blockstream,Jade Plus (Plastic),https://thebitcoinhole.com/hardware-wallets/jade-plus,2026-10-05,,Canada,,yes,no,yes,yes,yes,yes,usb_storage;usb;bluetooth,yes,yes,On Device,yes,yes,yes,no,no,no,no,Optional Stateless Use,yes,no,yes,yes,no,no,yes,no,create12;create24;display;import12;import24,,usb;bluetooth;microsd;qr,ur2,yes,registers,yes,no,yes,On Device,yes,no,280 mAh,USB-C,"IPS LCD 1.9""",Buttons,Bitcoin Keeper;Bitcoin Safe;Blockstream Green;BlueWallet;Bull;Cove;Electrum;Liana;Nunchuk;Sparrow;Specter Desktop
Coinkite,Coldcard Mk4,https://thebitcoinhole.com/hardware-wallets/coldcard-mk4,2026-10-05,,Canada,,yes,yes (2),yes,no,yes,yes,microsd;usb,no,yes,On Device,yes,yes,yes,yes,yes,no,yes,Optional Stateless Use,yes,yes,yes,yes,no,yes,Only Export,yes (encrypted),create12;create24;display;import12;import24,,usb(disabled by default);nfc(disabled by default);microsd,bbqr,yes,registers,Experimental,Experimental,yes,no,no,,,USB-C,"OLED 0.8""",Buttons,Bitcoin Keeper;Bitcoin Safe;Blockstream Green;BlueWallet;Casa;Cove;Electrum;Liana;Nunchuk;Sparrow;Specter Desktop;Theya;Unchained;Wasabi Wallet
Coinkite,Coldcard Mk5,https://thebitcoinhole.com/hardware-wallets/coldcard-mk5,2026-10-05,,Canada,,yes,yes (2),yes,no,yes,yes,microsd;usb,no,yes,On Device,yes,yes,yes,yes,yes,no,yes,Optional Stateless Use,yes,yes,yes,yes,no,yes,Only Export,yes (encrypted),create12;create24;display;import12;import24,,usb(disabled by default);nfc(disabled by default);microsd,bbqr,yes,registers,Experimental,Experimental,yes,no,no,,,USB-C,"OLED 1.54""",Buttons,Bitcoin Keeper;Bitcoin Safe;Blockstream Green;BlueWallet;Casa;Cove;Electrum;Liana;Nunchuk;Sparrow;Specter Desktop;Theya;Unchained;Wasabi Wallet
Coinkite,Coldcard Q,https://thebitcoinhole.com/hardware-wallets/coldcard-q,2026-10-05,,Canada,,yes,yes (2),yes,no,yes,yes,microsd,no,yes,On Device,yes,yes,yes,yes,yes,no,yes,Optional Stateless Use,yes,yes,yes,yes,no,yes,yes,yes (encrypted),create12;create24;display;import12;import24;key_teleport,,usb(disabled by default);nfc(disabled by default);microsd;qr,bbqr,yes,registers,Experimental,Experimental,yes,On Device,yes,yes,3x AAA batteries,USB-C,"LCD 2.3""",Buttons;qwerty keyboard,Bitcoin Keeper;Bitcoin Safe;Blockstream Green;BlueWallet;Bull;Casa;Cove;Electrum;Liana;Nunchuk;Sparrow;Specter Desktop;Theya;Unchained;Wasabi Wallet;Zeus
Coinkite,Tapsigner,https://thebitcoinhole.com/hardware-wallets/tapsigner,2026-10-05,,Canada,,no,yes,yes,no,,yes,,no,no,Via Companion App,no,no,no,no,no,no,no,no,yes,no,no,no,no,no,no,no,,,nfc,,yes,unknown,yes,no,no,no,,,,,,,Bitcoin Keeper;Bitcoin Safe;Cove;Nunchuk;Sparrow;Theya;Wasabi Wallet;Zeus
Foundation Devices,Passport Core,https://thebitcoinhole.com/hardware-wallets/passport-batch-2,2026-10-05,,USA,,yes,yes,yes,no,yes,yes,microsd,yes,yes,On Device,no,no,yes,no,yes,yes,no,Optional Stateless Use,no,no,yes,yes,no,no,yes,yes (encrypted),create12;create24;display;import12;import24,,microsd;qr,ur2,yes,registers,no,no,yes,On Device,yes,yes,1200 mAh,USB-C,"IPS 1.8""",Buttons,Bitcoin Keeper;Bitcoin Safe;Blockstream Green;BlueWallet;Bull;Casa;Cove;Electrum;Nunchuk;Sparrow;Specter Desktop;Theya;Wasabi Wallet;Zeus
Foundation Devices,Passport Prime,https://thebitcoinhole.com/hardware-wallets/passport-prime,2026-10-05,,USA,,yes,yes,yes,no,yes,no,microsd;bluetooth,yes,yes,On Device,no,no,yes,no,yes,yes,no,Optional Stateless Use,yes,yes,yes,yes,yes,no,yes,yes (encrypted),create12;create24;display;import12;import24,,bluetooth;microsd;qr,ur2,yes,registers,no,no,yes,On Device,yes,no,1100 mAh,USB-C,"IPS 3.5""",Touch Screen;qwerty keyboard,Bitcoin Keeper;Bitcoin Safe;Blockstream Green;BlueWallet;Bull;Casa;Cove;Electrum;Nunchuk;Sparrow;Specter Desktop;Theya;Wasabi Wallet;Zeus
Keycard,Shell,https://thebitcoinhole.com/hardware-wallets/keycard-shell,2026-10-05,,Germany,,Only for transactions,yes (EAL6+),yes,yes,yes,no,usb,yes,yes,On Device,no,no,yes,no,no,no,yes,yes,no,yes (Extra cards required),yes,no,yes,no,yes,no,create12;create24;display;import12;import24;nfc_card,,usb(disabled by default);nfc;qr,ur2,yes,unknown,no,no,yes,no,yes,yes,800 mAh,USB-C,"TFT IPS 2""",Buttons;qwerty keyboard,Bitcoin Safe;BlueWallet;Bull;Cove;Nunchuk;Sparrow;Specter Desktop
Keystone,Keystone 3 Pro,https://thebitcoinhole.com/hardware-wallets/keystone-3-pro,2026-10-05,,Hong Kong,,yes,yes (3) (PCI),yes,no,yes,yes,microsd;usb,yes,yes,On Device,yes,no,yes,no,no,yes,yes,no,yes,yes (3),yes,no,yes,no,no,no,create12;create24;display;import12;import24,,microsd;qr,ur2,yes,registers,no,no,,Via Companion App,yes,no,1000mAh,USB-C,"LCD 4""",Touch Screen;qwerty keyboard,Bitcoin Keeper;Bitcoin Safe;BlueWallet;Bull;Cove;Electrum;Nunchuk;Sparrow;Specter Desktop;Wasabi Wallet;Zeus
Ledger,Flex,https://thebitcoinhole.com/hardware-wallets/ledger-flex,2026-10-05,,France,,no,yes (EAL6+),yes,no,,no,bluetooth,no,no,On Device,yes,no,yes,no,no,no,yes,no,no,no,yes,no,no,no,no,no,create24;display;import12;import24;nfc_card,,usb;bluetooth;nfc,,yes,registers,yes,yes,,,yes,no,200 mAh,USB-C,"E-Ink 2.84""",Touch Screen,Bitcoin Keeper;Bitcoin Safe;Blockstream Green;BlueWallet;Electrum;Liana;Nunchuk;Sparrow;Specter Desktop;Theya;Wasabi Wallet
Ledger,Nano Gen5,https://thebitcoinhole.com/hardware-wallets/ledger-nano-gen5,2026-10-05,,France,,no,yes (EAL6+),yes,no,,no,usb,no,no,On Device,yes,no,yes,no,no,no,yes,no,no,no,yes,no,no,no,no,no,create24;display;import12;import24;nfc_card,,usb;bluetooth;nfc,,yes,registers,yes,yes,,,yes,no,200 mAh,USB-C,"E-Ink 2.8""",Touch Screen,Bitcoin Keeper;Bitcoin Safe;Blockstream Green;BlueWallet;Electrum;Liana;Nunchuk;Sparrow;Specter Desktop;Theya;Wasabi Wallet
Ledger,Nano S Plus,https://thebitcoinhole.com/hardware-wallets/ledger-nano-s-plus,2026-10-05,,France,,no,yes (EAL6+),yes,no,,no,usb,no,no,On Device,yes,no,yes,no,no,no,yes,no,no,no,yes,no,no,no,no,no,create24;display;import12;import24,,usb,,yes,registers,yes,yes,,Via Companion App,no,,,USB-C,"LED 1.18""",Buttons,Bitcoin Keeper;Bitcoin Safe;Blockstream Green;BlueWallet;Casa;Electrum;Liana;Nunchuk;Sparrow;Specter Desktop;Theya;Unchained;Wasabi Wallet
Ledger,Nano X,https://thebitcoinhole.com/hardware-wallets/ledger-nano-x,2026-10-05,,France,,no,yes (EAL5+),yes,no,,no,usb,no,no,On Device,yes,no,yes,no,no,no,yes,no,no,no,yes,no,no,no,no,no,create24;display;import12;import24,,usb;bluetooth,,yes,registers,yes,yes,,Via Companion App,yes,no,100 mAh,USB-C,"LED 2.4""",Buttons,Bitcoin Keeper;Bitcoin Safe;Blockstream Green;BlueWallet;Casa;Electrum;Liana;Nunchuk;Sparrow;Specter Desktop;Theya;Unchained;Wasabi Wallet
Ledger,Stax,https://thebitcoinhole.com/hardware-wallets/ledger-stax,2026-10-05,,France,,no,yes (EAL6+),yes,no,,no,bluetooth,no,no,On Device,yes,no,yes,no,no,no,yes,no,no,no,yes,no,no,no,no,no,create24;display;import12;import24;nfc_card,,usb;bluetooth;nfc,,yes,registers,no,no,,,yes,no,200 mAh,USB-C,"E-Ink 3.7""",Touch Screen,Bitcoin Keeper;Bitcoin Safe;Blockstream Green;BlueWallet;Electrum;Liana;Nunchuk;Sparrow;Specter Desktop;Theya;Wasabi Wallet
OneKey,Classic 1S,https://thebitcoinhole.com/hardware-wallets/onekey-classic-1s,2026-10-05,,Hong Kong,,no,yes (EAL 6+),yes,no,,no,usb;bluetooth,yes,yes,On Device,no,yes,yes,no,no,no,no,no,no,no,yes,no,no,no,no,no,create12;create24;display;import12;import24,,usb;bluetooth,,yes,unknown,no,no,,no,yes,no,110mAh,USB-C,"OLED 2""",Buttons,Blockstream Green;Electrum;Sparrow;Specter Desktop
OneKey,Classic 1S Pure,https://thebitcoinhole.com/hardware-wallets/onekey-classic-1s-pure,2026-10-05,,Hong Kong,,no,yes (EAL 6+),yes,no,,no,usb;bluetooth,yes,yes,On Device,no,yes,yes,no,no,no,no,no,no,no,yes,no,no,no,no,no,create12;create24;display;import12;import24,,usb;bluetooth,,yes,unknown,no,no,,no,no,,,USB-C,"OLED 2""",Buttons,Blockstream Green;Electrum;Sparrow;Specter Desktop
OneKey,Pro,https://thebitcoinhole.com/hardware-wallets/onekey-pro,2026-10-05,,Hong Kong,,Only for transactions,yes (4x EAL 6+),yes,no,,no,usb;bluetooth,yes,yes,On Device,yes,yes,yes,no,no,no,no,no,no,no,yes,no,no,no,no,no,create12;create24;display;import12;import24,,usb;bluetooth;qr,,yes,unknown,no,no,,no,yes,no,530 mAh,USB-C,"IPS 3.5""",Touch Screen;qwerty keyboard,Blockstream Green;Electrum;Sparrow;Specter Desktop
SeedSigner,SeedSigner,https://thebitcoinhole.com/hardware-wallets/seedsigner,2026-10-05,,USA,,yes,no,yes,no,no,yes,microsd,yes,yes,no,no,no,no,no,no,no,no,yes,yes,no,yes,yes,no,no,yes,no,create12;create24;display;import12;import24,,microsd;qr,ur2;bbqr,yes,per_transaction,SOON,no,yes,On Device,no,,,Micro-USB,"IPS LCD 1.3""",Buttons,Bitcoin Keeper;Bitcoin Safe;Blockstream Green;BlueWallet;Bull;Cove;Electrum;Nunchuk;Sparrow;Specter Desktop;Zeus
Specter Solutions,Specter DIY,https://thebitcoinhole.com/hardware-wallets/specter-diy,2026-10-05,,Liechtenstein,,yes,no,yes,no,yes,yes,microsd,yes,yes,On Device,yes,no,yes,no,yes,no,no,yes,yes,no,yes,yes,no,no,yes,yes,create12;create24;display;import12;import24,,usb;microsd;qr,ur2;pmofn,yes,registers,yes,yes,yes,On Device,no,,,Mini USB,"LCD 4""",Touch Screen;qwerty keyboard,Bitcoin Keeper;Bitcoin Safe;BlueWallet;Bull;Cove;Electrum;Liana;Nunchuk;Sparrow;Specter Desktop;Wasabi Wallet
Specter Solutions,Specter Shield,https://thebitcoinhole.com/hardware-wallets/specter-shield,2026-10-05,,Liechtenstein,,yes,yes,yes,no,yes,yes,microsd,yes,yes,On Device,yes,no,yes,no,yes,no,no,Optional,yes,no,yes,yes,no,no,yes,yes,create12;create24;display;import12;import24;nfc_card,,usb;microsd;qr,ur2;pmofn,yes,registers,yes,yes,yes,On Device,yes,Partially,1400 mAh,Micro USB,"LCD 4""",Touch Screen;qwerty keyboard,Bitcoin Keeper;Bitcoin Safe;BlueWallet;Bull;Cove;Electrum;Liana;Nunchuk;Sparrow;Specter Desktop;Wasabi Wallet
Specter Solutions,Specter Shield Lite,https://thebitcoinhole.com/hardware-wallets/specter-shield-lite,2026-10-05,,Liechtenstein,,yes,yes,yes,no,yes,yes,microsd,yes,yes,On Device,yes,no,yes,no,yes,no,no,Optional,yes,no,yes,yes,no,no,yes,yes,create12;create24;display;import12;import24;nfc_card,,usb;microsd;qr,ur2;pmofn,yes,registers,yes,yes,yes,On Device,no,,,Micro USB,"LCD 4""",Touch Screen;qwerty keyboard,Bitcoin Keeper;Bitcoin Safe;BlueWallet;Bull;Cove;Electrum;Liana;Nunchuk;Sparrow;Specter Desktop;Wasabi Wallet
Trezor,Model One,https://thebitcoinhole.com/hardware-wallets/trezor-model-one,2026-10-05,,Czech Republic,,no,no,yes,no,yes,yes,usb,yes,yes,Via Companion App,yes,yes,yes,yes,no,no,no,no,no,no,yes,no,no,no,no,no,create24;display;import12;import24,,usb,,yes,unknown,no,no,yes,Via Companion App,no,,,Micro-USB,"OLED 0.96""",Buttons,Bitcoin Keeper;Bitcoin Safe;Blockstream Green;BlueWallet;Casa;Electrum;Nunchuk;Sparrow;Specter Desktop;Theya;Unchained;Wasabi Wallet;Zeus
Trezor,Model T,https://thebitcoinhole.com/hardware-wallets/trezor-model-t,2026-10-05,,Czech Republic,,no,no,yes,no,yes,yes,usb,yes,yes,On Device,yes,yes,yes,yes,no,no,no,no,no,no,yes,no,yes,no,no,no,create12;create24;display;import12;import24,,usb,,yes,unknown,no,no,yes,Via Companion App,no,,,USB-C,"LCD 1.54""",Touch Screen,Bitcoin Keeper;Bitcoin Safe;Blockstream Green;BlueWallet;Casa;Electrum;Nunchuk;Sparrow;Specter Desktop;Theya;Unchained;Wasabi Wallet;Zeus
Trezor,Safe 3,https://thebitcoinhole.com/hardware-wallets/trezor-safe-3-btconly,2026-10-05,,Czech Republic,,no,yes (EAL6+),yes,no,yes,yes,usb,yes,yes,On Device,yes,yes,yes,yes,no,no,no,no,no,no,yes,no,yes,no,no,no,create12;create24;display;import12;import24,,usb,,yes,unknown,no,no,yes,Via Companion App,no,,,USB-C,"OLED 0.96""",Buttons,Bitcoin Keeper;Bitcoin Safe;Blockstream Green;BlueWallet;Casa;Electrum;Nunchuk;Sparrow;Specter Desktop;Theya;Unchained;Wasabi Wallet;Zeus
Trezor,Safe 5,https://thebitcoinhole.com/hardware-wallets/trezor-safe-5-btconly,2026-10-05,,Czech Republic,,no,yes (EAL6+),yes,no,yes,yes,usb,yes,yes,On Device,yes,yes,yes,yes,no,no,no,no,no,no,yes,no,yes,no,no,no,create12;create24;display;import12;import24,,usb,,yes,unknown,no,no,yes,Via Companion App,no,,,USB-C,"LCD 1.54""",Touch Screen,Bitcoin Keeper;Bitcoin Safe;Blockstream Green;BlueWallet;Casa;Electrum;Nunchuk;Sparrow;Specter Desktop;Theya;Unchained;Wasabi Wallet;Zeus
Trezor,Safe 7,https://thebitcoinhole.com/hardware-wallets/trezor-safe-7-btconly,2026-10-05,,Czech Republic,,no,yes (2) (EAL6+),yes,no,yes,yes,usb;bluetooth,yes,yes,On Device,yes,yes,yes,yes,no,no,no,no,no,no,yes,no,yes,no,no,no,create12;create24;display;import12;import24,,usb;bluetooth,,yes,unknown,no,no,yes,Via Companion App,yes,no,330mAh,USB-C,"LCD 2.5""",Touch Screen,Bitcoin Keeper;Bitcoin Safe;Blockstream Green;BlueWallet;Casa;Electrum;Nunchuk;Sparrow;Specter Desktop;Theya;Unchained;Wasabi Wallet;Zeus
